{"supertype":"Assets.Source.Model.Game","data":[{"name":"A Aventura da Luz","fileName":"save1","maps":[{"name":"Mapa 1","width":"20","height":"20","terrainLayer":{"width":"20","height":"20","tids":"82;82;82;82;82;80;24;25;25;25;25;25;26;18;25;25;25;25;25;25;82;82;82;82;73;74;24;25;25;25;25;25;26;43;24;25;25;25;25;25;82;82;82;74;30;31;25;25;10;25;25;25;20;43;24;25;25;25;25;25;82;82;80;30;25;25;25;25;25;10;25;25;43;43;25;25;25;25;25;25;82;82;80;24;25;25;10;10;25;25;25;20;43;30;25;25;25;25;25;25;82;79;80;24;10;25;10;10;25;25;25;43;43;25;25;25;25;25;25;25;82;82;80;24;10;25;25;25;25;25;43;43;30;25;25;25;25;25;25;25;82;82;80;24;25;10;25;25;25;20;43;30;25;25;25;25;25;25;25;25;82;82;80;24;25;25;25;25;20;43;43;24;25;25;25;25;25;25;25;25;82;82;80;24;25;25;19;20;43;43;43;18;19;19;25;25;25;25;25;25;82;82;80;18;19;20;43;43;30;31;32;43;43;43;18;19;25;25;25;25;82;82;74;43;43;43;30;31;25;25;25;31;32;43;43;43;19;19;25;25;82;80;43;43;43;30;25;25;25;25;25;25;25;31;32;43;43;43;24;25;82;74;43;30;31;25;25;25;25;25;25;25;25;25;25;31;31;31;25;25;80;30;25;25;25;25;25;25;25;25;25;25;25;25;25;25;25;25;25;25;74;24;25;25;25;25;25;25;25;25;25;25;25;25;25;25;25;25;25;25;30;25;25;25;25;25;25;25;25;25;25;25;25;25;25;25;25;25;25;25;25;25;25;25;25;25;25;25;25;25;25;25;25;25;25;25;25;25;25;25;25;25;25;25;25;25;25;25;25;25;25;25;25;25;25;25;25;25;25;25;25;25;25;25;25;25;25;25;25;25;25;25;25;25;25;25;25;25;25;25"},"constructionLayer":{"width":"20","height":"20","tids":"236;-1;-1;143;155;-1;307;307;307;240;241;241;241;-1;241;241;313;313;307;307;236;149;155;-1;155;-1;-1;-1;-1;-1;-1;-1;-1;-1;-1;-1;321;311;-1;-1;-1;-1;155;155;-1;-1;-1;-1;-1;-1;517;-1;-1;-1;-1;321;317;311;-1;-1;-1;155;-1;-1;-1;510;499;499;512;-1;-1;-1;-1;-1;321;316;317;-1;-1;-1;-1;155;-1;-1;-1;504;523;522;504;-1;-1;-1;-1;-1;321;316;317;-1;-1;-1;-1;-1;-1;517;-1;504;518;525;-1;-1;-1;-1;-1;321;316;316;311;-1;-1;-1;-1;155;-1;-1;-1;498;499;499;500;-1;-1;-1;-1;321;316;317;-1;-1;-1;-1;-1;155;-1;-1;-1;-1;-1;-1;-1;-1;-1;-1;-1;321;316;311;-1;321;316;322;-1;155;-1;-1;516;-1;-1;-1;-1;-1;-1;-1;-1;321;317;-1;-1;315;316;316;-1;155;-1;-1;-1;-1;-1;-1;-1;-1;-1;-1;-1;-1;309;-1;321;316;316;316;-1;155;-1;-1;-1;-1;-1;-1;-1;-1;-1;-1;-1;-1;-1;-1;309;310;310;310;-1;-1;-1;-1;-1;-1;-1;-1;-1;-1;-1;-1;-1;-1;-1;-1;-1;-1;217;-1;143;-1;-1;-1;-1;-1;-1;-1;-1;-1;-1;-1;-1;-1;-1;-1;-1;-1;-1;217;-1;-1;-1;-1;-1;-1;-1;-1;-1;-1;-1;-1;516;-1;-1;-1;-1;-1;-1;217;-1;-1;-1;-1;-1;-1;-1;-1;-1;-1;-1;234;236;-1;-1;217;-1;217;217;217;-1;-1;-1;-1;517;-1;-1;234;229;229;229;229;229;235;235;236;-1;217;217;-1;-1;-1;-1;-1;-1;-1;234;229;229;229;229;229;229;229;229;229;236;-1;-1;-1;236;-1;234;235;235;235;229;229;229;229;229;229;229;229;229;229;229;236;-1;-1;234;235;229;229;229;229;229;229;229;229;229;229;229;229;229;229;229;229;235;236;229;229;229;229;229;229;229;229;229;229;229;229;229;229;229;229;229;229;229;229"},"aboveLayer":{"width":"20","height":"20","tids":"-1;-1;-1;-1;-1;-1;-1;-1;-1;-1;-1;-1;-1;-1;-1;-1;-1;-1;-1;-1;-1;-1;-1;-1;-1;-1;-1;-1;-1;-1;-1;-1;-1;-1;-1;-1;-1;-1;-1;-1;-1;-1;-1;-1;-1;-1;-1;-1;-1;-1;-1;-1;-1;-1;-1;-1;-1;-1;-1;-1;-1;-1;-1;-1;-1;-1;-1;-1;-1;-1;-1;-1;-1;-1;-1;-1;-1;-1;-1;-1;-1;-1;-1;-1;-1;-1;-1;-1;-1;-1;-1;-1;-1;-1;-1;-1;-1;-1;-1;-1;-1;-1;-1;-1;-1;-1;-1;-1;-1;-1;-1;-1;-1;-1;-1;-1;-1;-1;-1;-1;-1;-1;-1;-1;-1;-1;-1;-1;-1;-1;-1;-1;-1;-1;-1;-1;-1;-1;-1;-1;-1;-1;-1;-1;-1;-1;-1;-1;-1;-1;-1;-1;-1;-1;-1;-1;-1;-1;-1;-1;-1;-1;-1;-1;-1;-1;-1;-1;-1;-1;-1;-1;-1;-1;-1;-1;-1;-1;-1;-1;-1;-1;-1;-1;-1;-1;-1;-1;-1;-1;-1;-1;-1;-1;-1;-1;-1;-1;-1;-1;-1;-1;-1;-1;-1;-1;-1;-1;-1;-1;-1;-1;-1;-1;-1;-1;-1;-1;-1;-1;-1;-1;-1;-1;-1;-1;-1;-1;-1;-1;-1;-1;-1;-1;-1;-1;-1;-1;-1;-1;-1;-1;-1;-1;-1;-1;-1;-1;-1;-1;-1;-1;-1;-1;-1;-1;-1;-1;-1;-1;-1;-1;-1;-1;-1;-1;-1;-1;-1;-1;-1;-1;-1;-1;-1;-1;-1;-1;-1;-1;-1;-1;-1;-1;-1;-1;-1;-1;-1;-1;-1;-1;-1;-1;-1;-1;-1;-1;-1;-1;-1;-1;-1;-1;-1;-1;-1;-1;-1;-1;-1;-1;-1;-1;-1;-1;-1;-1;-1;-1;-1;-1;-1;-1;-1;-1;-1;-1;-1;-1;-1;-1;-1;-1;-1;-1;-1;-1;-1;-1;-1;-1;-1;-1;-1;-1;-1;-1;-1;-1;-1;-1;-1;-1;-1;-1;-1;-1;-1;-1;-1;-1;-1;-1;-1;-1;-1;-1;-1;-1;-1;-1;-1;-1;-1;-1;-1;-1;-1;-1;-1;-1;-1;-1;-1;-1;-1;-1;-1;-1;-1;-1;-1;-1;-1;-1;-1;-1;-1;-1"},"entities":[{"name":"","location":"9;10","states":{"Padrao":{"variableCheck":false,"variableCheckValue":"0","switchCheck":false,"switchCheckValue":false,"name":"Padrao","execution":"0","image":"Master_Tileset;0;352;16;16","passable":false,"events":[{"event":"Assets.Source.Events.MessageEvent","message":"-> Cidade da Luz\n-> Castelo Hirulan"}]}}},{"name":"","location":"18;12","states":{"Padrao":{"variableCheck":false,"variableCheckValue":"0","switchCheck":false,"switchCheckValue":false,"name":"Padrao","execution":"1","image":"Master_Tileset;32;32;16;16","passable":true,"events":[{"event":"Assets.Source.Events.ChangeMapEvent","mapName":"Cidade da Luz","x":"1","y":"4"}]}}},{"name":"","location":"18;4","states":{"Padrao":{"variableCheck":false,"variableCheckValue":"0","switchCheck":false,"switchCheckValue":false,"name":"Padrao","execution":"1","image":"Master_Tileset;32;16;16;16","passable":true,"events":[{"event":"Assets.Source.Events.ChangeMapEvent","mapName":"Castelo","x":"0","y":"14"}]}}},{"name":"Guardiao","location":"15;9","states":{"Padrao":{"variableCheck":false,"variableCheckValue":"0","switchCheck":false,"switchCheckValue":false,"name":"Padrao","execution":"0","image":"Undead0;48;96;16;16","passable":false,"events":[{"event":"Assets.Source.Events.MessageEvent","message":"Eu sou o Guardiao das montanhas, prometido pelo Rei Hiluran para guardar a entrada ao castelo."},{"event":"Assets.Source.Events.MessageEvent","message":"Perdao, mas somente aqueles que possuem o selo do Anciao da Luz podem passar."}]},"FalouAnciao":{"variableCheck":false,"variableCheckName":"","variableCheckValue":"0","switchCheck":true,"switchCheckName":"FalouAnciao","switchCheckValue":true,"name":"FalouAnciao","execution":"0","image":"Undead0;48;96;16;16","passable":false,"events":[{"event":"Assets.Source.Events.MessageEvent","message":"Este... Este eh o Bracelete..."},{"event":"Assets.Source.Events.MessageEvent","message":"Deixarei voce passar, aventureiro. Se eh da vontade do Anciao, lhe desejo bons ventos."},{"event":"Assets.Source.Events.MessageEvent","message":"Siga sul para chegar ate a Cidade Nova."},{"event":"Assets.Source.Events.ChangeSwitchEvent","id":"LiberouPassagem","value":true}]},"LiberouPassagem":{"variableCheck":false,"variableCheckName":"","variableCheckValue":"0","switchCheck":true,"switchCheckName":"LiberouPassagem","switchCheckValue":true,"name":"LiberouPassagem","execution":"0","image":"Master_Tileset;64;16;16;16","passable":true,"events":[]}}},{"name":"","location":"5;0","states":{"Padrao":{"variableCheck":false,"variableCheckValue":"0","switchCheck":false,"switchCheckValue":false,"name":"Padrao","execution":"0","passable":false,"events":[]}}},{"location":"5;1","states":{"Padrao":{"variableCheck":false,"variableCheckValue":"0","switchCheck":false,"switchCheckValue":false,"name":"Padrao","execution":"0","passable":false,"events":[]}}},{"location":"4;1","states":{"Padrao":{"variableCheck":false,"variableCheckValue":"0","switchCheck":false,"switchCheckValue":false,"name":"Padrao","execution":"0","passable":false,"events":[]}}},{"location":"3;2","states":{"Padrao":{"variableCheck":false,"variableCheckValue":"0","switchCheck":false,"switchCheckValue":false,"name":"Padrao","execution":"0","passable":false,"events":[]}}},{"location":"2;3","states":{"Padrao":{"variableCheck":false,"variableCheckValue":"0","switchCheck":false,"switchCheckValue":false,"name":"Padrao","execution":"0","passable":false,"events":[]}}},{"location":"2;4","states":{"Padrao":{"variableCheck":false,"variableCheckValue":"0","switchCheck":false,"switchCheckValue":false,"name":"Padrao","execution":"0","passable":false,"events":[]}}},{"location":"2;5","states":{"Padrao":{"variableCheck":false,"variableCheckValue":"0","switchCheck":false,"switchCheckValue":false,"name":"Padrao","execution":"0","passable":false,"events":[]}}},{"location":"2;6","states":{"Padrao":{"variableCheck":false,"variableCheckValue":"0","switchCheck":false,"switchCheckValue":false,"name":"Padrao","execution":"0","passable":false,"events":[]}}},{"location":"2;7","states":{"Padrao":{"variableCheck":false,"variableCheckValue":"0","switchCheck":false,"switchCheckValue":false,"name":"Padrao","execution":"0","passable":false,"events":[]}}},{"location":"2;9","states":{"Padrao":{"variableCheck":false,"variableCheckValue":"0","switchCheck":false,"switchCheckValue":false,"name":"Padrao","execution":"0","passable":false,"events":[]}}},{"location":"2;10","states":{"Padrao":{"variableCheck":false,"variableCheckValue":"0","switchCheck":false,"switchCheckValue":false,"name":"Padrao","execution":"0","passable":false,"events":[]}}},{"location":"2;11","states":{"Padrao":{"variableCheck":false,"variableCheckValue":"0","switchCheck":false,"switchCheckValue":false,"name":"Padrao","execution":"0","passable":false,"events":[]}}},{"location":"1;12","states":{"Padrao":{"variableCheck":false,"variableCheckValue":"0","switchCheck":false,"switchCheckValue":false,"name":"Padrao","execution":"0","passable":false,"events":[]}}},{"location":"1;11","states":{"Padrao":{"variableCheck":false,"variableCheckValue":"0","switchCheck":false,"switchCheckValue":false,"name":"Padrao","execution":"0","passable":false,"events":[]}}},{"location":"2;2","states":{"Padrao":{"variableCheck":false,"variableCheckValue":"0","switchCheck":false,"switchCheckValue":false,"name":"Padrao","execution":"0","passable":false,"events":[]}}},{"location":"0;14","states":{"Padrao":{"variableCheck":false,"variableCheckValue":"0","switchCheck":false,"switchCheckValue":false,"name":"Padrao","execution":"0","passable":false,"events":[]}}},{"location":"0;15","states":{"Padrao":{"variableCheck":false,"variableCheckValue":"0","switchCheck":false,"switchCheckValue":false,"name":"Padrao","execution":"0","passable":false,"events":[]}}},{"name":"","location":"13;0","states":{"Padrao":{"variableCheck":false,"variableCheckValue":"0","switchCheck":false,"switchCheckValue":false,"name":"Padrao","execution":"1","passable":true,"events":[{"event":"Assets.Source.Events.MessageEvent","message":"Nao sei se devo abandonar a regiao agora..."},{"event":"Assets.Source.Events.MessageEvent","message":"(Acho melhor falar com o Anciao na Cidade da Luz)"},{"event":"Assets.Source.Events.MoveEntityEvent","id":"Jogador","x":"0","y":"-1","immediate":true,"relative":true}]}}},{"name":"Portao","location":"8;5","states":{"Padrao":{"variableCheck":false,"variableCheckValue":"0","switchCheck":false,"switchCheckValue":false,"name":"Padrao","execution":"0","image":"Master_Tileset;0;64;16;16","passable":false,"events":[]},"PegarJoias":{"variableCheck":false,"variableCheckName":"","variableCheckValue":"0","switchCheck":true,"switchCheckName":"PegarJoias","switchCheckValue":true,"name":"PegarJoias","execution":"0","image":"Master_Tileset;32;48;16;16","passable":true,"events":[]}}},{"name":"","location":"7;5","states":{"Padrao":{"variableCheck":false,"variableCheckValue":"0","switchCheck":false,"switchCheckValue":false,"name":"Padrao","execution":"0","passable":false,"events":[]},"PegarJoias":{"variableCheck":false,"variableCheckName":"","variableCheckValue":"0","switchCheck":true,"switchCheckName":"PegarJoias","switchCheckValue":true,"name":"PegarJoias","execution":"0","passable":false,"events":[{"event":"Assets.Source.Events.MessageEvent","message":"- Voce encontra a Joia Azul! -"},{"event":"Assets.Source.Events.ChangeSwitchEvent","id":"PegouAzul","value":true},{"event":"Assets.Source.Events.ChangeVariableEvent","id":"Joias","operation":"1","value":"1"}]},"PegouAzul":{"variableCheck":false,"variableCheckName":"","variableCheckValue":"0","switchCheck":true,"switchCheckName":"PegouAzul","switchCheckValue":true,"name":"PegouAzul","execution":"0","passable":false,"events":[]}}},{"name":"Guardiao_Lado","location":"14;10","states":{"Padrao":{"variableCheck":false,"variableCheckValue":"0","switchCheck":false,"switchCheckValue":false,"name":"Padrao","execution":"0","passable":true,"events":[]},"GuardiaoLado":{"variableCheck":false,"variableCheckName":"","variableCheckValue":"0","switchCheck":true,"switchCheckName":"LiberouPassagem","switchCheckValue":true,"name":"GuardiaoLado","execution":"0","image":"Undead0;48;96;16;16","passable":false,"events":[]}}},{"location":"2;8","states":{"Padrao":{"variableCheck":false,"variableCheckValue":"0","switchCheck":false,"switchCheckValue":false,"name":"Padrao","execution":"0","passable":false,"events":[]}}},{"location":"1;13","states":{"Padrao":{"variableCheck":false,"variableCheckValue":"0","switchCheck":false,"switchCheckValue":false,"name":"Padrao","execution":"0","passable":false,"events":[]}}},{"name":"","location":"4;15","states":{"Padrao":{"variableCheck":false,"variableCheckValue":"0","switchCheck":false,"switchCheckValue":false,"name":"Padrao","execution":"0","passable":false,"events":[]},"PegarJoias":{"variableCheck":false,"variableCheckName":"","variableCheckValue":"0","switchCheck":true,"switchCheckName":"PegarJoias","switchCheckValue":true,"name":"PegarJoias","execution":"0","passable":false,"events":[{"event":"Assets.Source.Events.MessageEvent","message":"- Voce encontra a Joia Rosa! -"},{"event":"Assets.Source.Events.ChangeVariableEvent","id":"Joias","operation":"1","value":"1"},{"event":"Assets.Source.Events.ChangeSwitchEvent","id":"PegouRosa","value":true}]},"PegouRosa":{"variableCheck":false,"variableCheckName":"","variableCheckValue":"0","switchCheck":true,"switchCheckName":"PegouRosa","switchCheckValue":true,"name":"PegouRosa","execution":"0","passable":false,"events":[]}}}]},{"name":"Cidade da Luz","width":"40","height":"30","terrainLayer":{"width":"40","height":"30","tids":"28;28;25;25;25;28;25;28;28;28;28;28;28;28;28;28;28;28;28;28;28;28;28;28;28;28;28;28;28;28;28;28;28;28;28;28;28;28;28;28;25;25;25;25;25;25;28;25;28;28;28;28;28;28;28;28;28;28;28;28;28;28;28;28;28;28;28;28;28;28;28;28;28;28;25;25;25;25;25;28;25;25;25;28;28;28;28;28;28;28;28;28;28;28;28;28;28;28;28;28;28;28;28;28;28;28;28;28;28;28;28;28;28;28;25;25;28;25;25;25;25;25;28;28;28;28;28;28;28;28;25;25;28;28;28;28;28;28;28;28;28;28;28;28;28;28;28;28;28;28;28;28;28;28;28;28;25;25;28;25;28;25;28;28;28;28;28;28;28;25;28;28;28;28;28;28;28;28;28;28;28;28;28;28;28;28;28;28;28;28;28;28;28;28;25;28;28;28;25;28;28;25;28;28;28;28;28;28;28;28;28;28;28;28;28;28;28;28;28;28;28;28;28;28;28;28;28;28;28;28;28;25;25;28;25;25;28;28;28;28;28;28;28;25;25;25;28;28;28;28;28;28;28;28;28;28;28;28;28;22;22;22;28;28;28;28;28;28;28;28;64;64;64;64;25;25;25;28;28;28;28;28;25;25;28;28;28;28;28;28;28;28;28;28;28;28;28;28;23;46;46;46;21;22;28;28;28;28;28;28;64;64;64;64;28;28;25;28;28;28;28;25;25;25;28;28;28;28;28;28;28;28;28;28;28;28;23;46;46;46;46;46;46;46;21;28;28;28;28;28;64;64;64;64;28;28;28;28;28;28;28;28;25;25;28;28;28;28;28;28;28;28;28;22;22;23;46;46;46;46;46;46;46;46;46;21;28;28;28;28;28;28;28;28;28;28;28;28;28;28;28;28;25;28;28;28;28;28;28;28;28;22;23;46;46;46;46;46;46;46;46;46;46;46;46;46;21;28;28;28;28;28;28;28;28;28;28;28;28;28;28;28;28;28;28;28;28;28;28;28;23;46;46;46;46;46;46;46;46;46;46;46;46;46;46;46;46;21;28;28;28;28;28;28;28;28;28;28;28;28;28;28;28;28;28;28;28;28;23;46;46;46;33;34;34;34;35;46;46;46;46;46;46;46;46;46;46;46;46;21;22;22;22;22;28;28;28;28;28;28;28;28;28;28;28;28;28;23;46;46;46;33;28;28;28;28;28;35;46;46;46;46;46;46;46;33;34;35;46;46;46;46;46;46;21;22;28;28;28;28;28;28;28;28;28;28;23;46;46;46;33;28;28;28;28;28;28;28;34;34;35;46;46;46;33;28;28;28;34;34;34;34;35;46;46;46;21;28;28;28;25;28;28;28;28;28;46;46;46;33;28;28;28;28;28;28;28;28;28;28;28;34;34;34;28;28;195;28;28;28;28;28;28;34;35;46;46;21;22;28;25;28;28;28;28;23;46;46;46;27;28;28;28;28;28;28;61;61;28;28;28;28;28;28;28;61;195;25;28;28;28;28;28;28;28;35;46;46;46;21;28;28;28;28;28;46;46;46;33;28;28;28;28;28;28;28;61;61;61;61;61;61;61;61;61;61;25;25;25;28;28;28;28;28;28;28;34;35;46;46;28;28;28;28;28;46;46;33;28;28;28;28;28;28;28;28;61;61;61;61;61;61;61;61;61;61;28;28;25;28;28;28;28;28;28;28;28;28;34;34;28;28;28;28;23;46;46;27;28;28;28;28;28;28;28;28;28;61;61;61;61;61;61;61;61;61;28;25;25;25;25;28;28;28;28;28;28;28;28;28;28;28;25;29;46;46;33;28;28;28;28;28;28;28;28;28;28;61;61;61;61;61;61;61;61;61;28;28;28;28;28;28;28;28;28;28;28;28;28;28;28;28;28;23;46;46;27;25;25;28;28;28;28;25;25;28;28;61;61;61;61;61;61;61;61;61;28;28;28;28;28;28;28;28;28;28;28;28;28;28;25;28;23;46;46;33;28;28;28;28;28;28;28;28;28;25;25;25;28;28;28;28;28;28;28;28;28;28;28;28;28;28;28;25;28;28;28;28;28;28;25;23;46;46;46;27;28;28;28;28;28;28;28;28;28;28;28;28;28;28;28;28;28;28;28;28;28;28;28;28;28;28;28;28;25;25;28;28;28;28;25;46;46;46;33;28;28;28;28;28;28;28;28;28;28;28;28;28;28;25;25;25;25;25;28;28;28;28;28;28;28;28;25;25;25;25;25;28;28;28;46;46;46;33;28;28;28;28;28;28;28;28;28;28;28;28;28;28;28;28;28;28;25;25;25;25;28;28;28;28;28;28;28;28;28;25;25;28;28;28;46;46;25;25;25;28;28;28;28;28;25;25;25;28;28;28;28;28;28;28;28;28;28;25;28;28;28;25;25;28;28;28;28;28;28;25;28;28;28;28;46;46;25;25;25;25;25;28;28;28;28;25;25;25;28;28;28;28;28;28;28;28;25;25;25;28;28;25;28;28;28;28;28;28;28;28;28;28;28;28;46;25;25;25;25;25;25;25;25;28;28;28;25;25;28;28;28;28;28;28;28;28;28;28;28;28;28;28;28;28;28;28;28;25;25;25;25;25;25;25;25;25;25;25;25;25;25;25;25;25;28;28;28;28;28;28;28;28;28;28;28;28;28;28;28;28;28;28;28;28;28;25;25;28;28;25;25;28;25;28"},"constructionLayer":{"width":"40","height":"30","tids":"229;229;229;229;229;229;229;229;229;229;229;229;229;229;229;229;229;229;229;229;229;229;229;229;229;229;229;229;229;229;229;229;229;229;229;229;229;229;229;229;229;229;229;-1;-1;-1;-1;217;-1;-1;-1;-1;229;229;229;229;229;229;229;229;229;229;229;229;229;-1;-1;-1;-1;-1;-1;-1;-1;229;229;229;229;229;229;229;229;229;-1;-1;-1;-1;-1;-1;-1;-1;-1;-1;-1;-1;-1;-1;229;229;229;229;229;229;229;-1;-1;-1;-1;217;-1;-1;-1;-1;-1;-1;229;229;229;229;229;229;229;-1;-1;-1;-1;-1;-1;-1;217;-1;-1;-1;-1;-1;-1;-1;-1;217;-1;-1;-1;-1;-1;-1;217;-1;-1;-1;-1;-1;-1;217;-1;-1;-1;217;229;229;229;229;229;-1;-1;217;-1;-1;-1;-1;-1;-1;-1;-1;-1;217;-1;-1;-1;-1;-1;-1;-1;-1;-1;-1;-1;-1;-1;-1;-1;217;-1;-1;-1;-1;-1;-1;-1;229;229;229;229;229;-1;-1;-1;-1;129;-1;-1;-1;-1;-1;217;-1;-1;-1;-1;-1;-1;-1;-1;-1;-1;-1;-1;-1;-1;-1;-1;198;187;187;187;187;200;-1;-1;-1;229;229;229;229;-1;-1;-1;-1;-1;-1;-1;-1;-1;-1;-1;-1;-1;-1;-1;-1;136;-1;-1;-1;-1;-1;-1;-1;-1;-1;-1;192;-1;-1;-1;-1;192;-1;-1;-1;-1;229;229;229;-1;-1;-1;-1;-1;-1;-1;217;-1;136;-1;-1;-1;136;-1;-1;-1;-1;-1;-1;-1;-1;-1;-1;-1;-1;-1;192;-1;-1;-1;-1;192;-1;-1;217;-1;-1;229;229;-1;217;-1;-1;-1;217;-1;-1;-1;-1;-1;-1;-1;-1;-1;-1;-1;-1;-1;-1;-1;-1;-1;-1;136;-1;-1;192;-1;-1;-1;-1;192;-1;-1;-1;-1;-1;229;-1;217;-1;-1;-1;-1;-1;-1;-1;-1;-1;-1;-1;-1;-1;-1;-1;-1;-1;-1;-1;-1;-1;-1;-1;-1;-1;-1;186;-1;187;187;187;188;-1;-1;-1;-1;-1;229;-1;-1;-1;-1;-1;-1;-1;-1;-1;-1;-1;-1;-1;-1;-1;-1;-1;-1;-1;-1;-1;-1;-1;-1;-1;-1;-1;-1;-1;-1;-1;-1;-1;-1;-1;-1;-1;-1;-1;229;-1;-1;-1;217;-1;136;-1;-1;-1;-1;-1;-1;-1;-1;-1;-1;-1;-1;-1;-1;-1;-1;-1;-1;-1;-1;-1;-1;-1;-1;136;-1;-1;-1;-1;217;-1;-1;-1;229;229;-1;-1;-1;-1;-1;-1;-1;-1;-1;-1;-1;-1;-1;-1;-1;-1;-1;-1;-1;-1;-1;-1;-1;-1;-1;-1;-1;-1;-1;-1;-1;-1;-1;-1;-1;-1;-1;-1;229;229;-1;-1;-1;-1;-1;-1;-1;-1;-1;-1;-1;-1;-1;136;-1;-1;-1;-1;-1;-1;-1;-1;-1;-1;-1;-1;-1;-1;-1;-1;-1;-1;-1;-1;-1;136;-1;-1;229;229;-1;-1;217;-1;-1;-1;-1;-1;-1;-1;-1;217;-1;-1;-1;-1;-1;-1;-1;-1;-1;-1;-1;-1;-1;-1;-1;-1;-1;-1;-1;-1;-1;-1;-1;-1;-1;-1;229;229;217;-1;-1;-1;-1;-1;-1;-1;-1;217;-1;-1;-1;-1;198;202;202;-1;-1;-1;-1;-1;202;202;200;-1;-1;-1;-1;-1;-1;-1;-1;-1;-1;-1;-1;-1;229;-1;-1;-1;-1;-1;-1;-1;-1;-1;136;-1;-1;-1;-1;-1;192;-1;195;187;187;-1;187;187;195;-1;192;-1;-1;217;-1;-1;-1;-1;-1;-1;-1;-1;-1;-1;229;-1;-1;-1;217;-1;-1;-1;-1;-1;-1;-1;-1;-1;217;-1;192;-1;-1;-1;-1;-1;-1;-1;-1;395;192;-1;-1;-1;-1;-1;-1;-1;-1;136;-1;-1;-1;-1;229;229;-1;-1;-1;-1;-1;-1;-1;217;-1;-1;-1;-1;-1;-1;192;395;-1;-1;-1;-1;-1;-1;-1;395;192;-1;-1;-1;-1;-1;-1;-1;-1;-1;-1;-1;-1;-1;229;229;217;-1;-1;-1;-1;-1;-1;-1;-1;-1;-1;-1;-1;-1;192;395;-1;-1;-1;-1;-1;-1;-1;395;192;-1;-1;217;-1;-1;-1;-1;-1;217;-1;-1;-1;-1;229;-1;-1;-1;-1;-1;-1;217;-1;-1;-1;-1;217;-1;-1;-1;192;-1;-1;-1;-1;-1;-1;-1;-1;-1;192;-1;-1;-1;-1;-1;-1;-1;-1;-1;-1;-1;-1;-1;229;217;-1;-1;-1;-1;217;-1;-1;217;-1;-1;-1;-1;-1;-1;192;-1;-1;395;395;395;-1;412;413;423;192;-1;-1;-1;217;-1;-1;-1;-1;-1;-1;-1;-1;136;229;-1;-1;-1;-1;-1;-1;-1;-1;-1;-1;-1;-1;-1;-1;-1;186;187;187;187;187;187;187;187;187;187;188;-1;-1;-1;-1;-1;-1;-1;-1;-1;-1;-1;-1;-1;-1;-1;-1;-1;-1;-1;-1;217;-1;-1;217;-1;-1;-1;-1;-1;-1;-1;-1;-1;-1;-1;-1;-1;-1;-1;-1;-1;-1;-1;-1;-1;-1;-1;-1;-1;-1;-1;-1;229;-1;-1;-1;-1;-1;-1;217;-1;-1;-1;-1;-1;-1;217;-1;-1;217;-1;-1;-1;-1;-1;217;-1;-1;-1;-1;-1;217;-1;-1;-1;-1;-1;-1;-1;-1;-1;229;229;-1;-1;-1;-1;-1;-1;-1;-1;-1;-1;-1;-1;-1;-1;-1;-1;-1;-1;-1;-1;-1;-1;-1;-1;-1;-1;-1;-1;-1;-1;-1;-1;-1;-1;-1;-1;-1;229;229;229;-1;-1;-1;-1;-1;-1;-1;217;-1;-1;217;-1;-1;-1;-1;229;229;229;229;229;229;229;229;229;229;-1;-1;-1;-1;-1;-1;-1;-1;-1;-1;-1;229;229;229;229;-1;-1;-1;-1;-1;-1;-1;-1;-1;-1;-1;-1;-1;229;229;229;229;229;229;229;229;229;229;229;229;229;229;229;-1;-1;-1;-1;-1;-1;-1;229;229;229;229;229;-1;-1;-1;-1;-1;-1;-1;-1;-1;-1;-1;229;229;229;229;229;229;229;229;229;229;229;229;229;229;229;229;229;229;229;229;-1;-1;-1;229;229;229;229;229;229;-1;-1;-1;-1;-1;-1;-1;-1;-1;-1;229;229;229;229;229;229;229;229;229;229;229;229;229;229;229;229;229;229;229;229;229;229;229;229;229;229;229;229;229;229"},"aboveLayer":{"width":"40","height":"30","tids":"-1;-1;-1;-1;-1;-1;-1;-1;-1;-1;-1;-1;-1;-1;-1;-1;-1;-1;-1;-1;-1;-1;-1;-1;-1;-1;-1;-1;-1;-1;-1;-1;-1;-1;-1;-1;-1;-1;-1;-1;-1;-1;-1;-1;-1;-1;-1;-1;-1;-1;-1;-1;-1;-1;-1;-1;-1;-1;-1;-1;-1;-1;-1;-1;-1;-1;-1;-1;-1;-1;-1;-1;-1;-1;-1;-1;-1;-1;-1;-1;-1;-1;-1;-1;-1;-1;-1;-1;-1;-1;-1;-1;-1;-1;-1;-1;-1;-1;-1;-1;-1;-1;-1;-1;-1;-1;-1;-1;-1;-1;-1;-1;-1;-1;-1;-1;-1;-1;-1;-1;-1;-1;-1;-1;-1;-1;-1;-1;-1;-1;-1;-1;-1;-1;-1;-1;-1;-1;-1;-1;-1;-1;-1;-1;-1;-1;-1;-1;-1;-1;-1;-1;-1;-1;-1;-1;-1;-1;-1;-1;-1;-1;-1;-1;-1;-1;-1;-1;-1;-1;-1;-1;-1;-1;-1;-1;-1;-1;-1;-1;-1;-1;-1;-1;-1;-1;-1;-1;-1;-1;-1;-1;-1;-1;-1;-1;-1;-1;-1;-1;-1;-1;-1;-1;-1;-1;-1;-1;-1;-1;-1;-1;-1;-1;-1;-1;-1;-1;-1;-1;-1;-1;-1;-1;-1;-1;-1;-1;-1;-1;-1;-1;-1;-1;-1;-1;-1;-1;-1;-1;-1;-1;-1;-1;-1;-1;-1;-1;-1;-1;-1;-1;-1;-1;-1;-1;-1;-1;-1;-1;-1;-1;-1;-1;-1;-1;-1;-1;-1;-1;-1;-1;-1;-1;-1;-1;-1;-1;-1;-1;-1;-1;-1;-1;-1;-1;-1;-1;-1;-1;-1;-1;-1;-1;-1;-1;-1;-1;-1;-1;-1;-1;-1;-1;-1;-1;-1;-1;-1;372;-1;-1;-1;-1;372;-1;-1;-1;-1;-1;-1;-1;-1;-1;-1;-1;-1;-1;-1;-1;-1;-1;-1;-1;-1;-1;-1;-1;-1;-1;-1;-1;-1;-1;-1;-1;-1;-1;-1;-1;-1;-1;-1;-1;-1;-1;-1;-1;-1;-1;-1;-1;-1;-1;-1;-1;-1;-1;-1;-1;-1;-1;-1;-1;-1;-1;-1;-1;-1;-1;-1;-1;-1;-1;-1;-1;-1;-1;-1;-1;342;-1;-1;-1;-1;-1;-1;-1;-1;-1;-1;-1;-1;-1;-1;-1;-1;-1;-1;-1;-1;-1;-1;-1;-1;-1;-1;-1;-1;-1;-1;-1;-1;-1;-1;-1;-1;-1;-1;-1;-1;-1;-1;-1;-1;-1;-1;-1;-1;-1;-1;-1;-1;-1;-1;-1;-1;-1;-1;-1;-1;-1;-1;-1;-1;-1;-1;-1;-1;-1;-1;-1;-1;-1;-1;-1;-1;-1;-1;-1;-1;-1;-1;-1;-1;-1;-1;-1;-1;-1;-1;-1;-1;-1;-1;-1;-1;-1;-1;-1;-1;-1;-1;-1;-1;-1;-1;-1;-1;-1;-1;-1;-1;-1;-1;-1;-1;-1;-1;-1;-1;-1;-1;-1;-1;-1;-1;-1;-1;-1;-1;-1;-1;-1;-1;-1;-1;-1;-1;-1;-1;-1;-1;-1;-1;-1;-1;-1;-1;-1;-1;-1;-1;-1;-1;-1;-1;-1;-1;-1;-1;-1;-1;-1;-1;-1;-1;-1;-1;-1;-1;-1;-1;-1;-1;-1;-1;-1;-1;-1;-1;-1;-1;-1;-1;-1;-1;-1;-1;-1;-1;-1;-1;-1;-1;-1;-1;-1;-1;-1;-1;-1;-1;-1;-1;-1;-1;-1;-1;-1;-1;-1;-1;-1;-1;-1;-1;-1;-1;-1;-1;-1;-1;-1;-1;-1;-1;372;-1;-1;-1;-1;-1;-1;-1;372;-1;-1;-1;-1;-1;-1;-1;-1;-1;-1;-1;-1;-1;-1;-1;-1;-1;-1;-1;-1;-1;-1;-1;-1;-1;-1;-1;-1;-1;-1;-1;-1;-1;-1;268;-1;-1;-1;-1;-1;-1;-1;-1;-1;-1;-1;-1;-1;-1;-1;-1;-1;-1;-1;-1;-1;-1;-1;-1;-1;-1;-1;-1;-1;-1;-1;-1;-1;-1;-1;-1;-1;-1;-1;-1;-1;-1;-1;-1;-1;-1;-1;-1;-1;-1;-1;-1;-1;-1;-1;-1;-1;-1;-1;-1;-1;-1;-1;-1;-1;-1;-1;-1;-1;-1;-1;-1;-1;-1;-1;-1;-1;-1;-1;-1;-1;-1;-1;-1;-1;-1;-1;-1;-1;-1;-1;-1;-1;-1;-1;-1;-1;-1;-1;-1;-1;-1;-1;-1;-1;-1;-1;-1;-1;-1;-1;-1;-1;-1;-1;-1;-1;-1;-1;-1;-1;-1;-1;-1;-1;-1;-1;-1;-1;-1;-1;-1;-1;-1;-1;-1;-1;-1;-1;-1;-1;-1;-1;-1;-1;-1;-1;-1;-1;-1;-1;-1;-1;-1;-1;372;-1;-1;-1;-1;-1;-1;-1;-1;-1;-1;-1;-1;-1;-1;-1;-1;-1;-1;-1;-1;-1;-1;-1;-1;-1;-1;-1;-1;-1;-1;-1;-1;-1;-1;-1;-1;-1;-1;-1;-1;-1;-1;-1;-1;-1;-1;-1;-1;-1;-1;-1;-1;-1;-1;-1;-1;-1;-1;-1;-1;-1;-1;-1;-1;-1;-1;-1;-1;-1;-1;-1;-1;-1;-1;-1;-1;-1;-1;-1;-1;-1;-1;-1;-1;-1;-1;-1;-1;-1;-1;-1;-1;-1;-1;-1;-1;-1;-1;-1;-1;-1;-1;-1;-1;-1;-1;-1;-1;-1;-1;-1;-1;-1;-1;-1;-1;-1;-1;-1;-1;-1;-1;-1;-1;-1;-1;-1;-1;-1;-1;-1;-1;-1;-1;-1;-1;-1;-1;-1;-1;-1;-1;-1;-1;-1;-1;-1;-1;-1;-1;-1;-1;-1;-1;-1;-1;-1;-1;-1;-1;-1;-1;-1;-1;-1;-1;-1;-1;-1;-1;-1;-1;-1;-1;-1;-1;-1;-1;-1;-1;-1;-1;-1;-1;-1;-1;-1;-1;-1;-1;-1;-1;-1;-1;-1;-1;-1;-1;-1;-1;-1;-1;-1;-1;-1;-1;-1;-1;-1;-1;-1;-1;-1;-1;-1;-1;-1;-1;-1;-1;-1;-1;-1;-1;-1;-1;-1;-1;-1;-1;-1;-1;-1;-1;-1;-1;-1;-1;-1;-1;-1;-1;-1;-1;-1;-1;-1;-1;-1;-1;-1;-1;-1;-1;-1;-1;-1;-1;-1;-1;-1;-1;-1;-1;-1;-1;-1;-1;-1;-1;-1;-1;-1;-1;-1;-1;-1;-1;-1;-1;-1;-1;-1;-1;-1;-1;-1;-1;-1;-1;-1;-1;-1;-1;-1;-1;-1;-1;-1;-1;-1;-1;-1;-1;-1;-1;-1;-1;-1;-1;-1;-1;-1;-1;-1;-1;-1;-1;-1;-1;-1;-1;-1;-1;-1;-1;-1;-1;-1;-1;-1;-1;-1;-1;-1;-1;-1;-1;-1;-1;-1;-1;-1;-1;-1;-1;-1;-1;-1;-1;-1;-1;-1;-1;-1;-1;-1;-1;-1;-1;-1;-1;-1;-1;-1;-1;-1;-1;-1;-1;-1;-1;-1;-1;-1;-1;-1;-1;-1;-1;-1;-1;-1"},"entities":[{"name":"","location":"18;13","states":{"Padrao":{"variableCheck":false,"variableCheckValue":"0","switchCheck":false,"switchCheckValue":false,"name":"Padrao","execution":"0","image":"Master_Tileset;32;352;16;16","passable":false,"events":[{"event":"Assets.Source.Events.MessageEvent","message":"Anciao de Cidade da Luz"}]}}},{"name":"","location":"21;16","states":{"Padrao":{"variableCheck":false,"variableCheckValue":"0","switchCheck":false,"switchCheckValue":false,"name":"Padrao","execution":"0","image":"Master_Tileset;0;496;16;16","passable":true,"events":[{"event":"Assets.Source.Events.ChangeSwitchEvent","id":"PortaAberta_1","value":true}]},"Porta aberta":{"variableCheck":false,"variableCheckName":"","variableCheckValue":"0","switchCheck":true,"switchCheckName":"PortaAberta_1","switchCheckValue":true,"name":"Porta aberta","execution":"0","image":"Master_Tileset;16;496;16;16","passable":true,"events":[{"event":"Assets.Source.Events.ChangeSwitchEvent","id":"PortaAberta_1","value":false}]}}},{"name":"Man","location":"22;10","states":{"Padrao":{"variableCheck":false,"variableCheckValue":"0","switchCheck":false,"switchCheckValue":false,"name":"Padrao","execution":"0","image":"Player0;0;48;16;16","passable":false,"events":[{"event":"Assets.Source.Events.MessageEvent","message":"Oi."}]},"PegarJoias":{"variableCheck":false,"variableCheckName":"","variableCheckValue":"0","switchCheck":true,"switchCheckName":"PegarJoias","switchCheckValue":true,"name":"PegarJoias","execution":"0","image":"Avian0;96;160;16;16","passable":true,"events":[]}}},{"name":"","location":"17;21","states":{"Padrao":{"variableCheck":false,"variableCheckValue":"0","switchCheck":false,"switchCheckValue":false,"name":"Padrao","execution":"1","image":"Master_Tileset;80;608;16;16","passable":true,"events":[{"event":"Assets.Source.Events.MessageEvent","message":"Anciao:\nPor favor, nao mexa nas minhas coisas, meu jovem."},{"event":"Assets.Source.Events.MoveEntityEvent","id":"Jogador","x":"-1","y":"0","immediate":true,"relative":true}]}}},{"name":"Anciao","location":"21;20","states":{"Padrao":{"variableCheck":false,"variableCheckValue":"0","switchCheck":false,"switchCheckValue":false,"name":"Padrao","execution":"0","image":"Paladin;0;48;16;16","passable":false,"events":[{"event":"Assets.Source.Events.MessageEvent","message":"Meu filho... Siga seu caminho a oeste daqui..."},{"event":"Assets.Source.Events.MessageEvent","message":"Leve com voce meu bracelete, ele deve permitir sua passagem para a Cidade Nova..."},{"event":"Assets.Source.Events.MessageEvent","message":"* Voce recebeu o Bracelete do Anciao! *"},{"event":"Assets.Source.Events.ChangeSwitchEvent","id":"FalouAnciao","value":true},{"event":"Assets.Source.Events.MessageEvent","message":"Va, e salve nossa regiao..."}]},"FalouAnciao":{"variableCheck":false,"variableCheckName":"","variableCheckValue":"0","switchCheck":true,"switchCheckName":"FalouAnciao","switchCheckValue":true,"name":"FalouAnciao","execution":"0","image":"Paladin;0;0;16;16","passable":false,"events":[{"event":"Assets.Source.Events.MessageEvent","message":"Va a oeste e fale com o Guardiao..."}]}}},{"name":"","location":"20;19","states":{"Padrao":{"variableCheck":false,"variableCheckValue":"0","switchCheck":false,"switchCheckValue":false,"name":"Padrao","execution":"0","image":"Master_Tileset;0;208;16;16","passable":true,"events":[]}}},{"name":"","location":"21;19","states":{"Padrao":{"variableCheck":false,"variableCheckValue":"0","switchCheck":false,"switchCheckValue":false,"name":"Padrao","execution":"0","image":"Master_Tileset;16;208;16;16","passable":true,"events":[]}}},{"name":"","location":"22;19","states":{"Padrao":{"variableCheck":false,"variableCheckValue":"0","switchCheck":false,"switchCheckValue":false,"name":"Padrao","execution":"0","image":"Master_Tileset;32;208;16;16","passable":true,"events":[]}}},{"name":"","location":"20;18","states":{"Padrao":{"variableCheck":false,"variableCheckValue":"0","switchCheck":false,"switchCheckValue":false,"name":"Padrao","execution":"0","image":"Master_Tileset;0;192;16;16","passable":true,"events":[]}}},{"name":"","location":"21;18","states":{"Padrao":{"variableCheck":false,"variableCheckValue":"0","switchCheck":false,"switchCheckValue":false,"name":"Padrao","execution":"0","image":"Master_Tileset;16;192;16;16","passable":true,"events":[]}}},{"name":"","location":"22;18","states":{"Padrao":{"variableCheck":false,"variableCheckValue":"0","switchCheck":false,"switchCheckValue":false,"name":"Padrao","execution":"0","image":"Master_Tileset;32;192;16;16","passable":true,"events":[]}}},{"name":"","location":"20;17","states":{"Padrao":{"variableCheck":false,"variableCheckValue":"0","switchCheck":false,"switchCheckValue":false,"name":"Padrao","execution":"0","image":"Master_Tileset;0;176;16;16","passable":true,"events":[]}}},{"name":"","location":"21;17","states":{"Padrao":{"variableCheck":false,"variableCheckValue":"0","switchCheck":false,"switchCheckValue":false,"name":"Padrao","execution":"0","image":"Master_Tileset;16;176;16;16","passable":true,"events":[]}}},{"name":"","location":"22;17","states":{"Padrao":{"variableCheck":false,"variableCheckValue":"0","switchCheck":false,"switchCheckValue":false,"name":"Padrao","execution":"0","image":"Master_Tileset;32;176;16;16","passable":true,"events":[]}}},{"location":"39;5","states":{"Padrao":{"variableCheck":false,"variableCheckValue":"0","switchCheck":false,"switchCheckValue":false,"name":"Padrao","execution":"0","passable":false,"events":[]}}},{"name":"","location":"0;25","states":{"Padrao":{"variableCheck":false,"variableCheckValue":"0","switchCheck":false,"switchCheckValue":false,"name":"Padrao","execution":"1","passable":true,"events":[{"event":"Assets.Source.Events.ChangeMapEvent","mapName":"Mapa 1","x":"17","y":"7"}]}}},{"name":"","location":"0;26","states":{"Padrao":{"variableCheck":false,"variableCheckValue":"0","switchCheck":false,"switchCheckValue":false,"name":"Padrao","execution":"1","passable":true,"events":[{"event":"Assets.Source.Events.ChangeMapEvent","mapName":"Mapa 1","x":"17","y":"7"}]}}},{"name":"AoEntrar","location":"0;29","states":{"Padrao":{"variableCheck":false,"variableCheckValue":"0","switchCheck":false,"switchCheckValue":false,"name":"Padrao","execution":"2","passable":true,"events":[{"event":"Assets.Source.Events.MessageEvent","message":"- Cidade da Luz -"}]}}},{"name":"","location":"33;7","states":{"Padrao":{"variableCheck":false,"variableCheckValue":"0","switchCheck":false,"switchCheckValue":false,"name":"Padrao","execution":"0","passable":false,"events":[]},"PegarJoias":{"variableCheck":false,"variableCheckName":"","variableCheckValue":"0","switchCheck":true,"switchCheckName":"PegarJoias","switchCheckValue":true,"name":"PegarJoias","execution":"0","image":"Player0;0;48;16;16","passable":false,"events":[]}}},{"name":"","location":"30;9","states":{"Padrao":{"variableCheck":false,"variableCheckValue":"0","switchCheck":false,"switchCheckValue":false,"name":"Padrao","execution":"0","passable":false,"events":[]},"PegarJoias":{"variableCheck":false,"variableCheckName":"","variableCheckValue":"0","switchCheck":true,"switchCheckName":"PegarJoias","switchCheckValue":true,"name":"PegarJoias","execution":"0","passable":false,"events":[{"event":"Assets.Source.Events.MessageEvent","message":"Homem:\nA Joias pertence a mim! Voce jamais a tera!"}]}}},{"name":"","location":"34;7","states":{"Padrao":{"variableCheck":false,"variableCheckValue":"0","switchCheck":false,"switchCheckValue":false,"name":"Padrao","execution":"0","passable":false,"events":[]},"Teste":{"variableCheck":false,"variableCheckName":"","variableCheckValue":"0","switchCheck":false,"switchCheckName":"","switchCheckValue":true,"name":"Teste","execution":"0","passable":false,"events":[]},"PegarJoias":{"variableCheck":false,"variableCheckName":"","variableCheckValue":"0","switchCheck":true,"switchCheckName":"PegarJoias","switchCheckValue":true,"name":"PegarJoias","execution":"0","passable":false,"events":[{"event":"Assets.Source.Events.MessageEvent","message":"- Voce pega a Joia Verde do homem atraves da janela sem ele nem perceber! -"},{"event":"Assets.Source.Events.ChangeSwitchEvent","id":"PegouVerde","value":true},{"event":"Assets.Source.Events.ChangeVariableEvent","id":"Joias","operation":"1","value":"1"}]},"PegouVerde":{"variableCheck":false,"variableCheckName":"","variableCheckValue":"0","switchCheck":true,"switchCheckName":"PegouVerde","switchCheckValue":true,"name":"PegouVerde","execution":"0","passable":false,"events":[]}}}]},{"name":"Castelo","width":"30","height":"15","terrainLayer":{"width":"30","height":"15","tids":"28;28;22;10;10;10;10;10;10;10;10;10;10;10;10;10;10;10;10;10;10;10;10;10;10;10;10;10;10;10;22;23;46;10;10;10;-1;10;10;460;10;10;10;10;10;10;10;10;10;10;10;10;10;10;10;10;10;10;10;10;46;46;40;10;10;10;10;10;10;460;10;10;10;10;10;10;10;10;10;10;10;10;10;10;10;10;10;10;10;10;40;41;10;10;10;10;10;10;10;10;10;10;10;10;10;10;10;10;10;10;10;10;10;10;10;10;10;10;10;10;10;10;10;10;10;10;10;10;10;10;10;10;10;10;10;10;10;10;10;10;10;10;10;10;10;10;10;10;460;460;10;10;10;10;10;10;10;10;10;10;10;10;10;10;10;10;10;457;457;457;457;457;457;457;457;457;457;10;460;460;10;10;10;10;10;10;10;10;10;10;10;10;10;10;10;10;10;457;457;457;457;457;457;457;457;457;457;10;460;460;10;10;10;10;10;10;10;10;10;10;10;10;10;10;10;10;10;457;457;457;457;457;457;457;457;457;457;10;10;10;10;10;10;10;10;10;10;10;10;10;10;10;10;10;10;10;10;457;457;457;457;457;457;457;457;457;457;10;10;10;10;10;10;10;10;10;10;10;10;-1;10;10;10;10;10;10;10;457;457;457;457;457;457;457;457;457;457;10;10;10;10;10;10;10;10;10;10;10;10;10;10;10;10;10;10;10;10;10;10;10;10;10;10;10;10;10;10;10;10;10;10;10;10;10;10;10;10;10;10;10;10;10;10;10;10;10;10;10;10;10;10;10;10;10;10;10;10;10;10;10;10;10;10;10;10;10;10;10;10;10;10;10;10;10;10;10;10;10;10;10;10;10;10;10;10;10;10;10;10;10;10;10;10;10;10;10;10;10;10;10;10;10;10;10;10;10;10;10;10;10;10;10;10;10;10;10;10;10;10;10;10;10;10;10;10;10;10;10;10;10;10;10;10;10;10;460;460;460;460;460;460;10;10;10;10;10;10;10;10;10"},"constructionLayer":{"width":"30","height":"15","tids":"-1;-1;-1;276;-1;-1;112;-1;-1;-1;-1;-1;-1;113;-1;-1;-1;-1;-1;-1;-1;-1;-1;113;-1;-1;-1;-1;-1;-1;-1;-1;276;162;151;151;151;151;151;151;151;151;356;151;151;151;151;151;151;151;151;151;151;151;151;151;151;164;-1;118;-1;276;-1;156;-1;-1;-1;-1;-1;156;-1;-1;-1;-1;-1;432;-1;-1;-1;-1;-1;-1;-1;-1;435;-1;435;156;-1;-1;-1;276;-1;156;-1;-1;-1;409;410;156;-1;-1;-1;-1;-1;432;-1;-1;-1;-1;-1;-1;-1;-1;-1;-1;-1;159;151;151;-1;-1;157;156;-1;-1;-1;-1;-1;156;-1;-1;-1;-1;434;-1;-1;-1;-1;417;-1;-1;-1;417;-1;-1;-1;356;-1;-1;-1;-1;159;161;-1;-1;-1;-1;-1;-1;-1;-1;-1;-1;-1;-1;490;-1;-1;-1;-1;-1;-1;-1;-1;-1;417;156;-1;-1;-1;-1;-1;-1;-1;-1;-1;-1;-1;-1;-1;-1;-1;-1;-1;-1;-1;-1;-1;-1;-1;-1;-1;-1;-1;-1;-1;156;-1;304;-1;-1;-1;-1;-1;-1;-1;-1;-1;-1;-1;-1;-1;-1;-1;-1;-1;-1;-1;-1;-1;-1;-1;-1;-1;-1;-1;159;151;151;-1;-1;-1;157;-1;-1;-1;-1;-1;-1;-1;-1;-1;-1;-1;-1;-1;-1;-1;-1;-1;-1;-1;-1;-1;-1;-1;156;-1;-1;-1;-1;276;156;-1;-1;-1;-1;-1;157;-1;-1;-1;-1;-1;-1;490;-1;-1;-1;-1;-1;-1;-1;-1;-1;417;156;-1;119;-1;276;-1;156;-1;-1;-1;-1;-1;156;-1;-1;-1;-1;434;-1;-1;-1;-1;417;-1;-1;-1;417;-1;-1;-1;156;-1;-1;-1;276;-1;156;-1;-1;-1;409;-1;156;-1;-1;-1;-1;-1;432;-1;-1;-1;-1;-1;-1;-1;-1;-1;423;-1;156;-1;-1;-1;-1;-1;156;-1;-1;408;-1;-1;156;-1;-1;-1;-1;433;432;-1;-1;-1;433;437;-1;-1;-1;423;-1;423;156;-1;-1;-1;276;-1;150;151;151;151;151;151;154;151;151;151;151;151;151;151;151;356;151;151;151;151;151;151;151;151;152;112;-1;-1;-1;276;-1;-1;-1;-1;-1;-1;118;-1;-1;-1;-1;156;-1;-1;-1;-1;-1;304;156;-1;-1;-1;-1;-1;-1;-1;-1"},"aboveLayer":{"width":"30","height":"15","tids":"-1;-1;-1;-1;-1;-1;-1;-1;-1;-1;-1;-1;-1;-1;-1;-1;-1;-1;-1;-1;-1;-1;-1;-1;-1;-1;-1;-1;-1;-1;-1;-1;-1;-1;414;-1;-1;414;-1;-1;-1;-1;-1;414;-1;-1;-1;-1;-1;-1;-1;-1;-1;-1;414;-1;-1;-1;-1;-1;-1;-1;-1;-1;-1;-1;-1;-1;-1;-1;-1;-1;-1;-1;-1;-1;-1;-1;-1;-1;-1;-1;-1;-1;-1;-1;-1;-1;-1;-1;-1;-1;-1;-1;-1;-1;-1;-1;-1;-1;-1;-1;-1;-1;-1;-1;-1;-1;-1;-1;-1;-1;-1;-1;-1;-1;-1;-1;-1;-1;-1;-1;-1;-1;-1;-1;-1;-1;-1;-1;-1;-1;-1;-1;-1;-1;-1;-1;-1;-1;-1;-1;-1;-1;-1;-1;-1;-1;-1;-1;-1;-1;-1;-1;-1;-1;-1;-1;-1;-1;-1;-1;-1;-1;-1;-1;-1;-1;-1;-1;-1;-1;-1;-1;-1;-1;-1;-1;-1;-1;-1;-1;-1;-1;-1;-1;-1;-1;-1;-1;-1;-1;-1;-1;-1;-1;-1;-1;-1;-1;-1;-1;-1;-1;-1;-1;-1;-1;-1;-1;-1;-1;-1;-1;-1;-1;-1;-1;-1;-1;-1;-1;-1;-1;-1;-1;-1;-1;-1;-1;-1;-1;-1;-1;-1;-1;-1;-1;-1;-1;-1;-1;-1;-1;-1;-1;-1;-1;-1;-1;-1;-1;-1;-1;-1;-1;-1;-1;-1;-1;-1;-1;-1;-1;-1;-1;-1;-1;-1;-1;-1;-1;-1;-1;-1;-1;-1;-1;-1;-1;-1;-1;-1;-1;-1;-1;-1;-1;-1;-1;-1;-1;-1;-1;-1;-1;-1;-1;-1;-1;-1;-1;-1;-1;-1;-1;-1;-1;-1;-1;-1;-1;-1;-1;-1;-1;-1;-1;-1;-1;-1;-1;-1;-1;-1;-1;-1;-1;-1;-1;-1;-1;-1;-1;-1;-1;-1;-1;-1;-1;-1;-1;-1;-1;-1;-1;-1;-1;-1;-1;-1;-1;-1;-1;-1;-1;-1;-1;-1;-1;-1;-1;-1;-1;-1;-1;-1;-1;-1;-1;-1;-1;-1;-1;-1;-1;-1;-1;-1;-1;-1;-1;-1;-1;-1;-1;-1;-1;-1;-1;-1;-1;-1;-1;414;-1;-1;414;-1;-1;-1;-1;-1;414;-1;-1;-1;-1;-1;-1;-1;-1;-1;-1;414;-1;-1;-1;-1;-1;-1;-1;-1;-1;-1;-1;-1;-1;-1;-1;-1;-1;-1;-1;-1;-1;-1;-1;-1;-1;-1;-1;-1;-1;-1;-1;-1;-1;-1;-1"},"entities":[{"name":"","location":"0;4","states":{"Padrao":{"variableCheck":false,"variableCheckValue":"0","switchCheck":false,"switchCheckValue":false,"name":"Padrao","execution":"0","image":"Master_Tileset;64;1104;16;16","passable":true,"events":[]}}},{"name":"","location":"0;8","states":{"Padrao":{"variableCheck":false,"variableCheckValue":"0","switchCheck":false,"switchCheckValue":false,"name":"Padrao","execution":"0","image":"Master_Tileset;64;1120;16;16","passable":true,"events":[]}}},{"name":"Soldado 1","location":"3;7","states":{"Padrao":{"variableCheck":false,"variableCheckValue":"0","switchCheck":false,"switchCheckValue":false,"name":"Padrao","execution":"0","image":"Warrior;0;32;16;16","passable":false,"events":[{"event":"Assets.Source.Events.MessageEvent","message":"O Rei o aguarda."},{"event":"Assets.Source.Events.MoveEntityEvent","id":"Soldado 1","x":"-1","y":"-1","immediate":true,"relative":true},{"event":"Assets.Source.Events.MoveEntityEvent","id":"Soldado 2","x":"-1","y":"1","immediate":true,"relative":true}]}}},{"name":"","location":"3;6","states":{"Padrao":{"variableCheck":false,"variableCheckValue":"0","switchCheck":false,"switchCheckValue":false,"name":"Padrao","execution":"0","image":"Warrior;0;32;16;16","passable":false,"events":[{"event":"Assets.Source.Events.MessageEvent","message":"O Rei o aguarda."},{"event":"Assets.Source.Events.MoveEntityEvent","id":"Soldado 1","x":"-1","y":"-1","immediate":true,"relative":true},{"event":"Assets.Source.Events.MoveEntityEvent","id":"Soldado 2","x":"-1","y":"1","immediate":true,"relative":true}]}}},{"name":"","location":"0;0","states":{"Padrao":{"variableCheck":false,"variableCheckValue":"0","switchCheck":false,"switchCheckValue":false,"name":"Padrao","execution":"1","passable":true,"events":[{"event":"Assets.Source.Events.ChangeMapEvent","mapName":"Mapa 1","x":"18","y":"14"}]}}},{"name":"","location":"0;14","states":{"Padrao":{"variableCheck":false,"variableCheckValue":"0","switchCheck":false,"switchCheckValue":false,"name":"Padrao","execution":"2","passable":true,"events":[{"event":"Assets.Source.Events.MessageEvent","message":"- Castelo Hirulan -"}]}}},{"name":"Rei","location":"26;7","states":{"Padrao":{"variableCheck":false,"variableCheckValue":"0","switchCheck":false,"switchCheckValue":false,"name":"Padrao","execution":"0","image":"Humanoid0;80;320;16;16","passable":false,"events":[{"event":"Assets.Source.Events.MessageEvent","message":"Rei:\nQue bom que voce veio, meu jovem..."},{"event":"Assets.Source.Events.MessageEvent","message":"Rei:\nSomente um coracao puro pode trazer luz a este reino, um coracao capaz de usar este Bracelete."},{"event":"Assets.Source.Events.MessageEvent","message":"Rei:\nEncontre as 3 Joias da Luz... Elas estao em algum lugar deste mundo. Traga-as para mim e conseguiremos reequilibrar a luz."},{"event":"Assets.Source.Events.ChangeSwitchEvent","id":"PegarJoias","value":true}]},"PegarJoias":{"variableCheck":false,"variableCheckName":"","variableCheckValue":"0","switchCheck":true,"switchCheckName":"PegarJoias","switchCheckValue":true,"name":"PegarJoias","execution":"0","image":"Humanoid0;80;320;16;16","passable":false,"events":[{"event":"Assets.Source.Events.MessageEvent","message":"Rei:\nTraga-me as 3 Joias, meu jovem, e juntos conseguiremos reestabelecer a luz."}]},"Joias":{"variableCheck":true,"variableCheckName":"Joias","variableCheckValue":"3","switchCheck":false,"switchCheckName":"","switchCheckValue":true,"name":"Joias","execution":"0","image":"Humanoid0;80;320;16;16","passable":false,"events":[{"event":"Assets.Source.Events.MessageEvent","message":"Rei:\nAs Joias... finalmente... em minha frente..."},{"event":"Assets.Source.Events.MessageEvent","message":"- Voce entrega as Joias ao Rei -"},{"event":"Assets.Source.Events.MessageEvent","message":"Rei:\n... Voce fez muito bem, meu filho."},{"event":"Assets.Source.Events.MessageEvent","message":"Rei:\nFinalmente nosso Reino ira prosperar de novo."},{"event":"Assets.Source.Events.MessageEvent","message":"Rei:\n... sob as minhas maos."},{"event":"Assets.Source.Events.EndGameEvent"}]}}},{"name":"","location":"22;9","states":{"Padrao":{"variableCheck":false,"variableCheckValue":"0","switchCheck":false,"switchCheckValue":false,"name":"Padrao","execution":"0","image":"Warrior;48;48;16;16","passable":false,"events":[]}}},{"name":"","location":"18;9","states":{"Padrao":{"variableCheck":false,"variableCheckValue":"0","switchCheck":false,"switchCheckValue":false,"name":"Padrao","execution":"0","image":"Warrior;48;48;16;16","passable":false,"events":[]}}},{"name":"","location":"22;5","states":{"Padrao":{"variableCheck":false,"variableCheckValue":"0","switchCheck":false,"switchCheckValue":false,"name":"Padrao","execution":"0","image":"Warrior;16;0;16;16","passable":false,"events":[]}}},{"name":"","location":"18;5","states":{"Padrao":{"variableCheck":false,"variableCheckValue":"0","switchCheck":false,"switchCheckValue":false,"name":"Padrao","execution":"0","image":"Warrior;16;0;16;16","passable":false,"events":[]}}},{"name":"","location":"13;8","states":{"Padrao":{"variableCheck":false,"variableCheckValue":"0","switchCheck":false,"switchCheckValue":false,"name":"Padrao","execution":"0","image":"Warrior;16;32;16;16","passable":false,"events":[]}}},{"name":"","location":"13;6","states":{"Padrao":{"variableCheck":false,"variableCheckValue":"0","switchCheck":false,"switchCheckValue":false,"name":"Padrao","execution":"0","image":"Warrior;16;32;16;16","passable":false,"events":[]}}}]}],"player":{"sprite":"Player0;16;224;16;16","startingMap":"Mapa 1","startingX":"13","startingY":"19"}}]}